sequence,length,avg_hydrophobicity,total_charge,molecular_weight,avg_volume,max_coupling_difficulty,bulky_ratio,polar_ratio,charged_ratio,aromatic_ratio,sulfur_ratio,reagent_score,solvent_score,temperature_score,cleavage_score,purity,yield_val,source,feature_0,feature_1,feature_2,feature_3,feature_4,feature_5,feature_6,feature_7,feature_8,feature_9,feature_10,feature_11,feature_12,feature_13,feature_14
VVIA,4,3.6750000000000003,0.0,328.455,133.825,1.8,0.75,0.0,0.0,0.0,0.0,0.5,0.55,0.25,0.44,,8.0,literature,0.08,0.7350000000000001,0.0,0.065691,0.5353,0.6,0.75,0.0,0.0,0.0,0.0,0.5,0.55,0.25,0.44
GVVIA,5,2.8600000000000003,0.0,367.48999999999995,119.08,1.8,0.6,0.0,0.0,0.0,0.0,0.5,0.55,0.25,0.44,,13.0,literature,0.1,0.5720000000000001,0.0,0.073498,0.47631999999999997,0.6,0.6,0.0,0.0,0.0,0.0,0.5,0.55,0.25,0.44
GGVVIA,6,2.316666666666667,0.0,406.525,109.25,1.8,0.5,0.0,0.0,0.0,0.0,0.5,0.55,0.25,0.44,,10.0,literature,0.12,0.4633333333333334,0.0,0.081305,0.437,0.6,0.5,0.0,0.0,0.0,0.0,0.5,0.55,0.25,0.44
VGGVVIA,7,2.585714285714286,0.0,487.64,113.64285714285715,1.8,0.5714285714285714,0.0,0.0,0.0,0.0,0.5,0.55,0.25,0.44,,9.0,literature,0.14,0.5171428571428571,0.0,0.097528,0.4545714285714286,0.6,0.5714285714285714,0.0,0.0,0.0,0.0,0.5,0.55,0.25,0.44
MVGGVVIA,8,2.5,0.0,600.8149999999999,119.79999999999998,2.0,0.5,0.0,0.0,0.0,0.125,0.5,0.55,0.25,0.44,,6.0,literature,0.16,0.5,0.0,0.12016299999999999,0.47919999999999996,0.6666666666666666,0.5,0.0,0.0,0.0,0.125,0.5,0.55,0.25,0.44
LMVGGVVIA,9,2.6444444444444444,0.0,695.9599999999999,125.0111111111111,2.0,0.5555555555555556,0.0,0.0,0.0,0.1111111111111111,0.5,0.55,0.25,0.44,,4.0,literature,0.18,0.5288888888888889,0.0,0.13919199999999998,0.5000444444444444,0.6666666666666666,0.5555555555555556,0.0,0.0,0.0,0.1111111111111111,0.5,0.55,0.25,0.44
GLMVGGVVIA,10,2.3400000000000003,0.0,734.995,118.51999999999998,2.0,0.5,0.0,0.0,0.0,0.1,0.5,0.55,0.25,0.44,,9.0,literature,0.2,0.4680000000000001,0.0,0.146999,0.47407999999999995,0.6666666666666666,0.5,0.0,0.0,0.0,0.1,0.5,0.55,0.25,0.44
IGLMVGGVVIA,11,2.536363636363636,0.0,830.14,122.89999999999999,2.0,0.5454545454545454,0.0,0.0,0.0,0.09090909090909091,0.5,0.55,0.25,0.44,,2.0,literature,0.22,0.5072727272727272,0.0,0.166028,0.4916,0.6666666666666666,0.5454545454545454,0.0,0.0,0.0,0.09090909090909091,0.5,0.55,0.25,0.44
IGLMVGGVVIA,11,2.536363636363636,0.0,830.14,122.89999999999999,2.0,0.5454545454545454,0.0,0.0,0.0,0.09090909090909091,0.5,0.55,0.25,0.44,,18.0,literature,0.22,0.5072727272727272,0.0,0.166028,0.4916,0.6666666666666666,0.5454545454545454,0.0,0.0,0.0,0.09090909090909091,0.5,0.55,0.25,0.44
IIGLMVGGVVIA,12,2.6999999999999997,0.0,925.2850000000001,126.55,2.0,0.5833333333333334,0.0,0.0,0.0,0.08333333333333333,0.5,0.55,0.25,0.44,,3.0,literature,0.24,0.5399999999999999,0.0,0.18505700000000003,0.5062,0.6666666666666666,0.5833333333333334,0.0,0.0,0.0,0.08333333333333333,0.5,0.55,0.25,0.44
IIGLMVGGVVIA,12,2.6999999999999997,0.0,925.2850000000001,126.55,2.0,0.5833333333333334,0.0,0.0,0.0,0.08333333333333333,0.5,0.55,0.25,0.44,,23.0,literature,0.24,0.5399999999999999,0.0,0.18505700000000003,0.5062,0.6666666666666666,0.5833333333333334,0.0,0.0,0.0,0.08333333333333333,0.5,0.55,0.25,0.44
AIIGLMVGGVVIA,13,2.6307692307692303,0.0,978.3499999999999,123.63076923076922,2.0,0.5384615384615384,0.0,0.0,0.0,0.07692307692307693,0.5,0.55,0.25,0.44,,0.7,literature,0.26,0.5261538461538461,0.0,0.19566999999999998,0.4945230769230769,0.6666666666666666,0.5384615384615384,0.0,0.0,0.0,0.07692307692307693,0.5,0.55,0.25,0.44
GAIIGLMVGGVVIA,14,2.414285714285714,0.0,1017.385,119.09285714285713,2.0,0.5,0.0,0.0,0.0,0.07142857142857142,0.5,0.55,0.25,0.44,,0.7,literature,0.28,0.4828571428571428,0.0,0.203477,0.4763714285714285,0.6666666666666666,0.5,0.0,0.0,0.0,0.07142857142857142,0.5,0.55,0.25,0.44
KGAIIGLMVGGVVIA,15,1.9933333333333332,1.0,1127.54,122.39333333333333,2.0,0.4666666666666667,0.0,0.06666666666666667,0.0,0.06666666666666667,0.5,0.55,0.25,0.44,,3.0,literature,0.3,0.3986666666666666,0.1,0.225508,0.4895733333333333,0.6666666666666666,0.4666666666666667,0.0,0.06666666666666667,0.0,0.06666666666666667,0.5,0.55,0.25,0.44
H-Phe-Ala-SBzl,3,1.2666666666666666,0.0,269.31000000000006,122.5,2.0,0.3333333333333333,0.3333333333333333,0.0,0.3333333333333333,0.0,0.5,0.55,0.25,0.44,,100.0,literature,0.06,0.2533333333333333,0.0,0.053862000000000014,0.49,0.6666666666666666,0.3333333333333333,0.3333333333333333,0.0,0.3333333333333333,0.0,0.5,0.55,0.25,0.44
H-Met(O)-Leu-SBzl,3,1.633333333333333,0.0,295.4,139.53333333333333,2.0,0.3333333333333333,0.3333333333333333,0.0,0.0,0.3333333333333333,0.5,0.55,0.25,0.44,,88.0,literature,0.06,0.3266666666666666,0.0,0.059079999999999994,0.5581333333333334,0.6666666666666666,0.3333333333333333,0.3333333333333333,0.0,0.0,0.3333333333333333,0.5,0.55,0.25,0.44
H-Gly-Phe-Leu-SBzl,4,1.3499999999999999,0.0,350.425,126.425,2.0,0.5,0.25,0.0,0.25,0.0,0.5,0.55,0.25,0.44,,82.0,literature,0.08,0.26999999999999996,0.0,0.07008500000000001,0.5057,0.6666666666666666,0.5,0.25,0.0,0.25,0.0,0.5,0.55,0.25,0.44
H-Phe-Leu-Ala-SBzl,4,1.9000000000000001,0.0,364.455,133.55,2.0,0.5,0.25,0.0,0.25,0.0,0.5,0.55,0.25,0.44,,91.0,literature,0.08,0.38,0.0,0.072891,0.5342,0.6666666666666666,0.5,0.25,0.0,0.25,0.0,0.5,0.55,0.25,0.44
H-Phe-Leu-Leu-SBzl,4,2.3999999999999995,0.0,406.53499999999997,153.075,2.0,0.75,0.25,0.0,0.25,0.0,0.5,0.55,0.25,0.44,,96.0,literature,0.08,0.47999999999999987,0.0,0.08130699999999999,0.6123,0.6666666666666666,0.75,0.25,0.0,0.25,0.0,0.5,0.55,0.25,0.44
H-Ala-Phe-Leu-Leu-SBzl,5,2.28,0.0,459.59999999999997,140.18,2.0,0.6,0.2,0.0,0.2,0.0,0.5,0.55,0.25,0.44,,95.0,literature,0.1,0.45599999999999996,0.0,0.09191999999999999,0.56072,0.6666666666666666,0.6,0.2,0.0,0.2,0.0,0.5,0.55,0.25,0.44
H-Ala-Phe-Leu-Ala-SBzl,5,1.8799999999999997,0.0,417.52,124.55999999999999,2.0,0.4,0.2,0.0,0.2,0.0,0.5,0.55,0.25,0.44,,90.0,literature,0.1,0.37599999999999995,0.0,0.083504,0.49823999999999996,0.6666666666666666,0.4,0.2,0.0,0.2,0.0,0.5,0.55,0.25,0.44
H-Gly-Asn-Leu-Phe-Leu-SBzl,6,0.9500000000000001,0.0,541.655,131.08333333333334,2.0,0.5,0.3333333333333333,0.0,0.16666666666666666,0.0,0.5,0.55,0.25,0.44,,92.0,literature,0.12,0.19,0.0,0.108331,0.5243333333333333,0.6666666666666666,0.5,0.3333333333333333,0.0,0.16666666666666666,0.0,0.5,0.55,0.25,0.44
H-Val-Val-Leu-Asn-Leu-Asn-Phe-SBzl,8,1.375,0.0,760.935,140.0625,2.0,0.625,0.375,0.0,0.125,0.0,0.5,0.55,0.25,0.44,,82.0,literature,0.16,0.275,0.0,0.152187,0.56025,0.6666666666666666,0.625,0.375,0.0,0.125,0.0,0.5,0.55,0.25,0.44
H-Ala-Pro-Ile-Ala-Phe-Phe-Gly-SBzl,8,1.3624999999999998,0.0,664.825,123.1875,2.5,0.375,0.125,0.0,0.25,0.0,0.5,0.55,0.25,0.44,,83.0,literature,0.16,0.27249999999999996,0.0,0.132965,0.49275,0.8333333333333334,0.375,0.125,0.0,0.25,0.0,0.5,0.55,0.25,0.44
H-Ala-Lys-Phe-Ala-SBzl,5,0.33999999999999997,1.0,432.53,124.94000000000001,2.0,0.2,0.2,0.2,0.2,0.0,0.5,0.55,0.25,0.44,,87.0,literature,0.1,0.06799999999999999,0.1,0.086506,0.49976000000000004,0.6666666666666666,0.2,0.2,0.2,0.2,0.0,0.5,0.55,0.25,0.44
H-Thr-Gly-Val-Phe-Ala-SBzl,6,1.1500000000000001,0.0,472.555,113.95,2.0,0.3333333333333333,0.3333333333333333,0.0,0.16666666666666666,0.0,0.5,0.55,0.25,0.44,,86.0,literature,0.12,0.23000000000000004,0.0,0.094511,0.45580000000000004,0.6666666666666666,0.3333333333333333,0.3333333333333333,0.0,0.16666666666666666,0.0,0.5,0.55,0.25,0.44
H-Ala-Arg-Gly-Leu-Phe-SBzl,6,0.4499999999999999,1.0,541.665,132.73333333333332,2.8,0.3333333333333333,0.16666666666666666,0.16666666666666666,0.16666666666666666,0.0,0.5,0.55,0.25,0.44,,97.0,literature,0.12,0.08999999999999998,0.1,0.108333,0.5309333333333333,0.9333333333333332,0.3333333333333333,0.16666666666666666,0.16666666666666666,0.16666666666666666,0.0,0.5,0.55,0.25,0.44
H-Ala-Trp-Phe-Ala-SBzl,5,0.9400000000000001,0.0,490.57,136.78,2.5,0.4,0.2,0.0,0.4,0.0,0.5,0.55,0.25,0.44,,92.0,literature,0.1,0.188,0.0,0.09811399999999999,0.54712,0.8333333333333334,0.4,0.2,0.0,0.4,0.0,0.5,0.55,0.25,0.44
H-Gly-Asp-Tyr-Gly-Gly-Phe-Ser-Leu-Tyr-Lys-Ala-SBzl,12,-0.36666666666666664,0.0,1048.185,122.5333333333333,2.0,0.3333333333333333,0.3333333333333333,0.16666666666666666,0.25,0.0,0.5,0.55,0.25,0.44,,60.0,literature,0.24,-0.07333333333333333,0.0,0.209637,0.4901333333333332,0.6666666666666666,0.3333333333333333,0.3333333333333333,0.16666666666666666,0.25,0.0,0.5,0.55,0.25,0.44
H-Cys-Gly-Gly-Phe-Leu-SBzl,6,1.2500000000000002,0.0,474.585,112.38333333333333,2.2,0.3333333333333333,0.3333333333333333,0.0,0.16666666666666666,0.16666666666666666,0.5,0.55,0.25,0.44,,90.0,literature,0.12,0.25000000000000006,0.0,0.094917,0.4495333333333333,0.7333333333333334,0.3333333333333333,0.3333333333333333,0.0,0.16666666666666666,0.16666666666666666,0.5,0.55,0.25,0.44
H-Cys-Tyr-Gly-Gly-Phe-Leu-SBzl,7,0.8857142857142858,0.0,619.75,123.9857142857143,2.2,0.42857142857142855,0.42857142857142855,0.0,0.2857142857142857,0.14285714285714285,0.5,0.55,0.25,0.44,,85.0,literature,0.14,0.17714285714285716,0.0,0.12395,0.4959428571428572,0.7333333333333334,0.42857142857142855,0.42857142857142855,0.0,0.2857142857142857,0.14285714285714285,0.5,0.55,0.25,0.44
IKVAV,5,2.16,1.0,438.60999999999996,140.78,1.8,0.6,0.0,0.2,0.0,0.0,0.5,0.55,0.25,0.44,,81.0,literature,0.1,0.43200000000000005,0.1,0.087722,0.56312,0.6,0.6,0.0,0.2,0.0,0.0,0.5,0.55,0.25,0.44
DRVYIHP,7,-0.7714285714285715,0.5,772.92,154.20000000000002,2.8,0.42857142857142855,0.14285714285714285,0.42857142857142855,0.2857142857142857,0.0,0.5,0.55,0.25,0.44,,70.0,literature,0.14,-0.1542857142857143,0.05,0.154584,0.6168,0.9333333333333332,0.42857142857142855,0.14285714285714285,0.42857142857142855,0.2857142857142857,0.0,0.5,0.55,0.25,0.44
DRVYIHP,7,-0.7714285714285715,0.5,772.92,154.20000000000002,2.8,0.42857142857142855,0.14285714285714285,0.42857142857142855,0.2857142857142857,0.0,0.5,0.55,0.25,0.44,,57.0,literature,0.14,-0.1542857142857143,0.05,0.154584,0.6168,0.9333333333333332,0.42857142857142855,0.14285714285714285,0.42857142857142855,0.2857142857142857,0.0,0.5,0.55,0.25,0.44
H-Tyr-Ile-His-Pro-Phe-OMe,6,0.5166666666666666,0.5,698.895,163.16666666666666,2.5,0.5,0.16666666666666666,0.16666666666666666,0.5,0.16666666666666666,0.5,0.55,0.25,0.44,,52.0,literature,0.12,0.10333333333333332,0.05,0.139779,0.6526666666666666,0.8333333333333334,0.5,0.16666666666666666,0.16666666666666666,0.5,0.16666666666666666,0.5,0.55,0.25,0.44
H-Tyr-Ile-His-Pro-Phe-OMe,6,0.5166666666666666,0.5,698.895,163.16666666666666,2.5,0.5,0.16666666666666666,0.16666666666666666,0.5,0.16666666666666666,0.5,0.55,0.25,0.44,,47.0,literature,0.12,0.10333333333333332,0.05,0.139779,0.6526666666666666,0.8333333333333334,0.5,0.16666666666666666,0.16666666666666666,0.5,0.16666666666666666,0.5,0.55,0.25,0.44
PLTVAEVQKLLGPHV,15,0.49333333333333323,0.5,1330.6999999999998,134.28666666666666,2.5,0.4,0.13333333333333333,0.2,0.06666666666666667,0.0,0.5,0.55,0.25,0.44,,67.0,literature,0.3,0.09866666666666665,0.05,0.26614,0.5371466666666667,0.8333333333333334,0.4,0.13333333333333333,0.2,0.06666666666666667,0.0,0.5,0.55,0.25,0.44
PLTVAEVQKLLGPHV,15,0.49333333333333323,0.5,1330.6999999999998,134.28666666666666,2.5,0.4,0.13333333333333333,0.2,0.06666666666666667,0.0,0.5,0.55,0.25,0.44,,68.0,literature,0.3,0.09866666666666665,0.05,0.26614,0.5371466666666667,0.8333333333333334,0.4,0.13333333333333333,0.2,0.06666666666666667,0.0,0.5,0.55,0.25,0.44
PLTVAEVQKLLGPHV,15,0.49333333333333323,0.5,1330.6999999999998,134.28666666666666,2.5,0.4,0.13333333333333333,0.2,0.06666666666666667,0.0,0.5,0.55,0.25,0.44,,38.0,literature,0.3,0.09866666666666665,0.05,0.26614,0.5371466666666667,0.8333333333333334,0.4,0.13333333333333333,0.2,0.06666666666666667,0.0,0.5,0.55,0.25,0.44
ALPLDLLLFL,10,2.23,-1.0,947.2950000000001,150.25,2.5,0.7,0.0,0.1,0.1,0.0,0.5,0.55,0.25,0.44,,78.0,literature,0.2,0.446,-0.1,0.18945900000000002,0.601,0.8333333333333334,0.7,0.0,0.1,0.1,0.0,0.5,0.55,0.25,0.44
ALPLDLLLFL,10,2.23,-1.0,947.2950000000001,150.25,2.5,0.7,0.0,0.1,0.1,0.0,0.5,0.55,0.25,0.44,,63.0,literature,0.2,0.446,-0.1,0.18945900000000002,0.601,0.8333333333333334,0.7,0.0,0.1,0.1,0.0,0.5,0.55,0.25,0.44
ALPLDLLLFL,10,2.23,-1.0,947.2950000000001,150.25,2.5,0.7,0.0,0.1,0.1,0.0,0.5,0.55,0.25,0.44,,55.0,literature,0.2,0.446,-0.1,0.18945900000000002,0.601,0.8333333333333334,0.7,0.0,0.1,0.1,0.0,0.5,0.55,0.25,0.44
SLLFLLFSL,9,2.5555555555555554,0.0,890.1999999999999,154.58888888888887,2.0,0.7777777777777778,0.2222222222222222,0.0,0.2222222222222222,0.0,0.5,0.55,0.25,0.44,,33.0,literature,0.18,0.5111111111111111,0.0,0.17803999999999998,0.6183555555555555,0.6666666666666666,0.7777777777777778,0.2222222222222222,0.0,0.2222222222222222,0.0,0.5,0.55,0.25,0.44
SLLFLLFSL,9,2.5555555555555554,0.0,890.1999999999999,154.58888888888887,2.0,0.7777777777777778,0.2222222222222222,0.0,0.2222222222222222,0.0,0.5,0.55,0.25,0.44,,40.0,literature,0.18,0.5111111111111111,0.0,0.17803999999999998,0.6183555555555555,0.6666666666666666,0.7777777777777778,0.2222222222222222,0.0,0.2222222222222222,0.0,0.5,0.55,0.25,0.44
SLLFLLFSL,9,2.5555555555555554,0.0,890.1999999999999,154.58888888888887,2.0,0.7777777777777778,0.2222222222222222,0.0,0.2222222222222222,0.0,0.5,0.55,0.25,0.44,,27.0,literature,0.18,0.5111111111111111,0.0,0.17803999999999998,0.6183555555555555,0.6666666666666666,0.7777777777777778,0.2222222222222222,0.0,0.2222222222222222,0.0,0.5,0.55,0.25,0.44
PLTVAEVQKLLGPHVKKALPLDLLLFLKKSLLFLLFSL,38,0.9763157894736842,3.5,3572.785,146.90789473684208,2.5,0.5263157894736842,0.10526315789473684,0.21052631578947367,0.10526315789473684,0.0,0.5,0.55,0.25,0.44,,41.0,literature,0.76,0.19526315789473686,0.35,0.714557,0.5876315789473683,0.8333333333333334,0.5263157894736842,0.10526315789473684,0.21052631578947367,0.10526315789473684,0.0,0.5,0.55,0.25,0.44
PLTVAEVQKLLGPHVKKALPLDLLLFLKKSLLFLLFSL,38,0.9763157894736842,3.5,3572.785,146.90789473684208,2.5,0.5263157894736842,0.10526315789473684,0.21052631578947367,0.10526315789473684,0.0,0.5,0.55,0.25,0.44,,56.0,literature,0.76,0.19526315789473686,0.35,0.714557,0.5876315789473683,0.8333333333333334,0.5263157894736842,0.10526315789473684,0.21052631578947367,0.10526315789473684,0.0,0.5,0.55,0.25,0.44
PLTVAEVQKLLGPHVKKALPLDLLLFLKKSLLFLLFSL,38,0.9763157894736842,3.5,3572.785,146.90789473684208,2.5,0.5263157894736842,0.10526315789473684,0.21052631578947367,0.10526315789473684,0.0,0.5,0.55,0.25,0.44,,28.0,literature,0.76,0.19526315789473686,0.35,0.714557,0.5876315789473683,0.8333333333333334,0.5263157894736842,0.10526315789473684,0.21052631578947367,0.10526315789473684,0.0,0.5,0.55,0.25,0.44
PLTVAEVQKLLGPHV,15,0.49333333333333323,0.5,1330.6999999999998,134.28666666666666,2.5,0.4,0.13333333333333333,0.2,0.06666666666666667,0.0,0.5,0.55,0.25,0.44,,37.0,literature,0.3,0.09866666666666665,0.05,0.26614,0.5371466666666667,0.8333333333333334,0.4,0.13333333333333333,0.2,0.06666666666666667,0.0,0.5,0.55,0.25,0.44
PLTVAEVQKLLGPHV,15,0.49333333333333323,0.5,1330.6999999999998,134.28666666666666,2.5,0.4,0.13333333333333333,0.2,0.06666666666666667,0.0,0.5,0.55,0.25,0.44,,24.0,literature,0.3,0.09866666666666665,0.05,0.26614,0.5371466666666667,0.8333333333333334,0.4,0.13333333333333333,0.2,0.06666666666666667,0.0,0.5,0.55,0.25,0.44
PLTVAEVQKLLGPHV,15,0.49333333333333323,0.5,1330.6999999999998,134.28666666666666,2.5,0.4,0.13333333333333333,0.2,0.06666666666666667,0.0,0.5,0.55,0.25,0.44,,22.0,literature,0.3,0.09866666666666665,0.05,0.26614,0.5371466666666667,0.8333333333333334,0.4,0.13333333333333333,0.2,0.06666666666666667,0.0,0.5,0.55,0.25,0.44
ALPLDLLLFL,10,2.23,-1.0,947.2950000000001,150.25,2.5,0.7,0.0,0.1,0.1,0.0,0.5,0.55,0.25,0.44,,61.0,literature,0.2,0.446,-0.1,0.18945900000000002,0.601,0.8333333333333334,0.7,0.0,0.1,0.1,0.0,0.5,0.55,0.25,0.44
ALPLDLLLFL,10,2.23,-1.0,947.2950000000001,150.25,2.5,0.7,0.0,0.1,0.1,0.0,0.5,0.55,0.25,0.44,,70.0,literature,0.2,0.446,-0.1,0.18945900000000002,0.601,0.8333333333333334,0.7,0.0,0.1,0.1,0.0,0.5,0.55,0.25,0.44
ALPLDLLLFL,10,2.23,-1.0,947.2950000000001,150.25,2.5,0.7,0.0,0.1,0.1,0.0,0.5,0.55,0.25,0.44,,23.0,literature,0.2,0.446,-0.1,0.18945900000000002,0.601,0.8333333333333334,0.7,0.0,0.1,0.1,0.0,0.5,0.55,0.25,0.44
SLLFLLFSL,9,2.5555555555555554,0.0,890.1999999999999,154.58888888888887,2.0,0.7777777777777778,0.2222222222222222,0.0,0.2222222222222222,0.0,0.5,0.55,0.25,0.44,,11.0,literature,0.18,0.5111111111111111,0.0,0.17803999999999998,0.6183555555555555,0.6666666666666666,0.7777777777777778,0.2222222222222222,0.0,0.2222222222222222,0.0,0.5,0.55,0.25,0.44
SLLFLLFSL,9,2.5555555555555554,0.0,890.1999999999999,154.58888888888887,2.0,0.7777777777777778,0.2222222222222222,0.0,0.2222222222222222,0.0,0.5,0.55,0.25,0.44,,33.0,literature,0.18,0.5111111111111111,0.0,0.17803999999999998,0.6183555555555555,0.6666666666666666,0.7777777777777778,0.2222222222222222,0.0,0.2222222222222222,0.0,0.5,0.55,0.25,0.44
SLLFLLFSL,9,2.5555555555555554,0.0,890.1999999999999,154.58888888888887,2.0,0.7777777777777778,0.2222222222222222,0.0,0.2222222222222222,0.0,0.5,0.55,0.25,0.44,,47.0,literature,0.18,0.5111111111111111,0.0,0.17803999999999998,0.6183555555555555,0.6666666666666666,0.7777777777777778,0.2222222222222222,0.0,0.2222222222222222,0.0,0.5,0.55,0.25,0.44
PLTVAEVQKLLGPHVKKALPLDLLLFLKKSLLFLLFSL,38,0.9763157894736842,3.5,3572.785,146.90789473684208,2.5,0.5263157894736842,0.10526315789473684,0.21052631578947367,0.10526315789473684,0.0,0.5,0.55,0.25,0.44,,19.0,literature,0.76,0.19526315789473686,0.35,0.714557,0.5876315789473683,0.8333333333333334,0.5263157894736842,0.10526315789473684,0.21052631578947367,0.10526315789473684,0.0,0.5,0.55,0.25,0.44
PLTVAEVQKLLGPHVKKALPLDLLLFLKKSLLFLLFSL,38,0.9763157894736842,3.5,3572.785,146.90789473684208,2.5,0.5263157894736842,0.10526315789473684,0.21052631578947367,0.10526315789473684,0.0,0.5,0.55,0.25,0.44,,36.0,literature,0.76,0.19526315789473686,0.35,0.714557,0.5876315789473683,0.8333333333333334,0.5263157894736842,0.10526315789473684,0.21052631578947367,0.10526315789473684,0.0,0.5,0.55,0.25,0.44
PLTVAEVQKLLGPHVKKALPLDLLLFLKKSLLFLLFSL,38,0.9763157894736842,3.5,3572.785,146.90789473684208,2.5,0.5263157894736842,0.10526315789473684,0.21052631578947367,0.10526315789473684,0.0,0.5,0.55,0.25,0.44,,53.0,literature,0.76,0.19526315789473686,0.35,0.714557,0.5876315789473683,0.8333333333333334,0.5263157894736842,0.10526315789473684,0.21052631578947367,0.10526315789473684,0.0,0.5,0.55,0.25,0.44
DLKTQVKVFA,10,0.13000000000000006,1.0,968.2149999999999,143.34,2.0,0.4,0.2,0.3,0.1,0.0,0.5,0.55,0.25,0.44,,56.0,literature,0.2,0.026000000000000013,0.1,0.19364299999999998,0.57336,0.6666666666666666,0.4,0.2,0.3,0.1,0.0,0.5,0.55,0.25,0.44
VWRSTSPAKESPDELSRY,18,-1.2722222222222224,0.0,1784.0549999999998,137.49444444444444,2.8,0.2222222222222222,0.3333333333333333,0.3333333333333333,0.1111111111111111,0.0,0.5,0.55,0.25,0.44,,47.0,literature,0.36,-0.2544444444444445,0.0,0.356811,0.5499777777777778,0.9333333333333332,0.2222222222222222,0.3333333333333333,0.3333333333333333,0.1111111111111111,0.0,0.5,0.55,0.25,0.44
ITNYLHKTLAHVPEI,15,0.06666666666666664,1.0,1478.83,144.09333333333333,2.5,0.4,0.26666666666666666,0.26666666666666666,0.2,0.0,0.5,0.55,0.25,0.44,,93.0,literature,0.3,0.013333333333333327,0.1,0.295766,0.5763733333333333,0.8333333333333334,0.4,0.26666666666666666,0.26666666666666666,0.2,0.0,0.5,0.55,0.25,0.44
TFSSKVQYQLVVTTLHKLQE,20,-0.16000000000000003,1.5,1989.425,144.505,2.5,0.4,0.45,0.2,0.15,0.0,0.5,0.55,0.25,0.44,,69.0,literature,0.4,-0.03200000000000001,0.15,0.397885,0.57802,0.8333333333333334,0.4,0.45,0.2,0.15,0.0,0.5,0.55,0.25,0.44
RDQLPHPLKEFLQE,14,-1.292857142857143,-0.5,1497.795,151.05714285714288,2.8,0.2857142857142857,0.14285714285714285,0.42857142857142855,0.14285714285714285,0.0,0.5,0.55,0.25,0.44,,,literature,0.28,-0.25857142857142856,-0.05,0.299559,0.6042285714285716,0.9333333333333332,0.2857142857142857,0.14285714285714285,0.42857142857142855,0.14285714285714285,0.0,0.5,0.55,0.25,0.44
SMHKPLPKTLSSV,13,-0.2769230769230769,2.5,1190.53,133.47692307692307,2.5,0.23076923076923078,0.3076923076923077,0.23076923076923078,0.07692307692307693,0.07692307692307693,0.5,0.55,0.25,0.44,,90.0,literature,0.26,-0.05538461538461538,0.25,0.23810599999999998,0.5339076923076923,0.8333333333333334,0.23076923076923078,0.3076923076923077,0.23076923076923078,0.07692307692307693,0.07692307692307693,0.5,0.55,0.25,0.44
EKTVIGYLEPGAE,13,-0.3461538461538462,-2.0,1171.3899999999999,129.87692307692308,2.5,0.3076923076923077,0.15384615384615385,0.3076923076923077,0.07692307692307693,0.0,0.5,0.55,0.25,0.44,,,literature,0.26,-0.06923076923076923,-0.2,0.234278,0.5195076923076923,0.8333333333333334,0.3076923076923077,0.15384615384615385,0.3076923076923077,0.07692307692307693,0.0,0.5,0.55,0.25,0.44
LQRSLSPTQLYYRQFTSKV,19,-0.6842105263157895,3.0,1973.4,149.12105263157892,2.8,0.3684210526315789,0.5263157894736842,0.15789473684210525,0.15789473684210525,0.0,0.5,0.55,0.25,0.44,,65.0,literature,0.38,-0.1368421052631579,0.3,0.39468000000000003,0.5964842105263157,0.9333333333333332,0.3684210526315789,0.5263157894736842,0.15789473684210525,0.15789473684210525,0.0,0.5,0.55,0.25,0.44
ELDSIPEKLLD,11,-0.4,-3.0,1073.28,139.64545454545453,2.5,0.36363636363636365,0.09090909090909091,0.45454545454545453,0.0,0.0,0.5,0.55,0.25,0.44,,53.0,literature,0.22,-0.08,-0.3,0.21465599999999999,0.5585818181818181,0.8333333333333334,0.36363636363636365,0.09090909090909091,0.45454545454545453,0.0,0.0,0.5,0.55,0.25,0.44
SLIRLGAFFYKRVKE,15,0.060000000000000026,3.0,1556.99,155.4,2.8,0.4666666666666667,0.13333333333333333,0.3333333333333333,0.2,0.0,0.5,0.55,0.25,0.44,,68.0,literature,0.3,0.012000000000000005,0.3,0.311398,0.6216,0.9333333333333332,0.4666666666666667,0.13333333333333333,0.3333333333333333,0.2,0.0,0.5,0.55,0.25,0.44
QLRKVLSL,8,0.3624999999999998,2.0,812.0749999999999,155.45,2.8,0.5,0.25,0.25,0.0,0.0,0.5,0.55,0.25,0.44,,47.0,literature,0.16,0.07249999999999997,0.2,0.16241499999999998,0.6217999999999999,0.9333333333333332,0.5,0.25,0.25,0.0,0.0,0.5,0.55,0.25,0.44
FYPSIQLPAHIQEYLSDS,18,-0.2333333333333334,-1.5,1784.0949999999998,139.73333333333332,2.5,0.3888888888888889,0.3888888888888889,0.16666666666666666,0.2222222222222222,0.0,0.5,0.55,0.25,0.44,,69.0,literature,0.36,-0.046666666666666676,-0.15,0.35681899999999994,0.5589333333333333,0.8333333333333334,0.3888888888888889,0.3888888888888889,0.16666666666666666,0.2222222222222222,0.0,0.5,0.55,0.25,0.44
EAELSSDKLTISPE,14,-0.6214285714285716,-3.0,1266.4550000000002,127.10000000000001,2.5,0.21428571428571427,0.2857142857142857,0.35714285714285715,0.0,0.0,0.5,0.55,0.25,0.44,,74.0,literature,0.28,-0.1242857142857143,-0.3,0.25329100000000004,0.5084000000000001,0.8333333333333334,0.21428571428571427,0.2857142857142857,0.35714285714285715,0.0,0.0,0.5,0.55,0.25,0.44
DLASKRAVDF,10,-0.18000000000000008,0.0,941.115,135.57,2.8,0.3,0.1,0.4,0.1,0.0,0.5,0.55,0.25,0.44,,60.0,literature,0.2,-0.03600000000000002,0.0,0.188223,0.54228,0.9333333333333332,0.3,0.1,0.4,0.1,0.0,0.5,0.55,0.25,0.44
AVGKSSLVLRFVKG,14,0.7214285714285715,3.0,1208.565,133.5285714285714,2.8,0.42857142857142855,0.14285714285714285,0.21428571428571427,0.07142857142857142,0.0,0.5,0.55,0.25,0.44,,,literature,0.28,0.1442857142857143,0.3,0.241713,0.5341142857142857,0.9333333333333332,0.42857142857142855,0.14285714285714285,0.21428571428571427,0.07142857142857142,0.0,0.5,0.55,0.25,0.44
RGAQAAIVVYD,11,0.46363636363636346,0.0,964.15,129.38181818181818,2.8,0.36363636363636365,0.18181818181818182,0.18181818181818182,0.09090909090909091,0.0,0.5,0.55,0.25,0.44,,16.0,literature,0.22,0.09272727272727269,0.0,0.19283,0.5175272727272727,0.9333333333333332,0.36363636363636365,0.18181818181818182,0.18181818181818182,0.09090909090909091,0.0,0.5,0.55,0.25,0.44
NNRLPLLGKYIQK,13,-0.7846153846153846,3.0,1322.6699999999998,149.57692307692304,2.8,0.38461538461538464,0.3076923076923077,0.23076923076923078,0.07692307692307693,0.0,0.5,0.55,0.25,0.44,,100.0,literature,0.26,-0.15692307692307692,0.3,0.264534,0.5983076923076921,0.9333333333333332,0.38461538461538464,0.3076923076923077,0.23076923076923078,0.07692307692307693,0.0,0.5,0.55,0.25,0.44
LNEKVSNLQRRVDA,14,-0.9571428571428571,1.0,1389.635,141.80714285714282,2.8,0.2857142857142857,0.2857142857142857,0.35714285714285715,0.0,0.0,0.5,0.55,0.25,0.44,,69.0,literature,0.28,-0.19142857142857142,0.1,0.277927,0.5672285714285713,0.9333333333333332,0.2857142857142857,0.2857142857142857,0.35714285714285715,0.0,0.0,0.5,0.55,0.25,0.44
SLRDLVSRKYLHLKNIP,17,-0.44705882352941184,3.5,1746.2,151.6235294117647,2.8,0.4117647058823529,0.23529411764705882,0.35294117647058826,0.11764705882352941,0.0,0.5,0.55,0.25,0.44,,30.0,literature,0.34,-0.08941176470588237,0.35,0.34924,0.6064941176470589,0.9333333333333332,0.4117647058823529,0.23529411764705882,0.35294117647058826,0.11764705882352941,0.0,0.5,0.55,0.25,0.44
NEDVLDQVEQSLLGVHG,17,-0.311764705882353,-3.5,1545.73,128.4235294117647,2.5,0.35294117647058826,0.23529411764705882,0.29411764705882354,0.058823529411764705,0.0,0.5,0.55,0.25,0.44,,21.0,literature,0.34,-0.0623529411764706,-0.35,0.309146,0.5136941176470587,0.8333333333333334,0.35294117647058826,0.23529411764705882,0.29411764705882354,0.058823529411764705,0.0,0.5,0.55,0.25,0.44
VREQLQIFLR,10,-0.040000000000000036,1.0,1121.415,166.02,2.8,0.5,0.2,0.3,0.1,0.0,0.5,0.55,0.25,0.44,,24.0,literature,0.2,-0.008000000000000007,0.1,0.22428299999999998,0.66408,0.9333333333333332,0.5,0.2,0.3,0.1,0.0,0.5,0.55,0.25,0.44
LKRKRAVLKSYLSTSVR,17,-0.47058823529411764,6.0,1699.1899999999998,150.44117647058823,2.8,0.35294117647058826,0.29411764705882354,0.35294117647058826,0.058823529411764705,0.0,0.5,0.55,0.25,0.44,,13.0,literature,0.34,-0.09411764705882353,0.6,0.339838,0.601764705882353,0.9333333333333332,0.35294117647058826,0.29411764705882354,0.35294117647058826,0.058823529411764705,0.0,0.5,0.55,0.25,0.44
SDSSVEVLAEELIKHRV,17,-0.0882352941176471,-1.5,1604.8999999999999,136.81764705882352,2.8,0.35294117647058826,0.17647058823529413,0.4117647058823529,0.058823529411764705,0.0,0.5,0.55,0.25,0.44,,20.0,literature,0.34,-0.017647058823529422,-0.15,0.32098,0.5472705882352941,0.9333333333333332,0.35294117647058826,0.17647058823529413,0.4117647058823529,0.058823529411764705,0.0,0.5,0.55,0.25,0.44
LKEISLKGNSLS,12,-0.1416666666666667,1.0,1072.325,131.96666666666667,2.0,0.3333333333333333,0.3333333333333333,0.25,0.0,0.0,0.5,0.55,0.25,0.44,,57.0,literature,0.24,-0.02833333333333334,0.1,0.21446500000000002,0.5278666666666667,0.6666666666666666,0.3333333333333333,0.3333333333333333,0.25,0.0,0.0,0.5,0.55,0.25,0.44
TIPKLFQLQD,10,-0.18000000000000008,0.0,1022.2750000000001,148.60999999999996,2.5,0.4,0.3,0.2,0.1,0.0,0.5,0.55,0.25,0.44,,29.0,literature,0.2,-0.03600000000000002,0.0,0.20445500000000003,0.5944399999999999,0.8333333333333334,0.4,0.3,0.2,0.1,0.0,0.5,0.55,0.25,0.44
QLDYNYVGDVGVEQ,14,-0.5714285714285714,-3.0,1346.4750000000001,132.6,2.0,0.42857142857142855,0.35714285714285715,0.21428571428571427,0.14285714285714285,0.0,0.5,0.55,0.25,0.44,,14.0,literature,0.28,-0.11428571428571428,-0.3,0.269295,0.5304,0.6666666666666666,0.42857142857142855,0.35714285714285715,0.21428571428571427,0.14285714285714285,0.0,0.5,0.55,0.25,0.44
AKLEVEHLKLTYSNI,15,-0.16000000000000003,0.5,1487.83,145.02666666666664,2.5,0.4,0.26666666666666666,0.3333333333333333,0.13333333333333333,0.0,0.5,0.55,0.25,0.44,,25.0,literature,0.3,-0.03200000000000001,0.05,0.297566,0.5801066666666665,0.8333333333333334,0.4,0.26666666666666666,0.3333333333333333,0.13333333333333333,0.0,0.5,0.55,0.25,0.44
IEKGIQSEHFQKIALF,16,-0.09375,0.5,1599.9650000000001,146.19375,2.5,0.375,0.1875,0.3125,0.1875,0.0,0.5,0.55,0.25,0.44,,39.0,literature,0.32,-0.01875,0.05,0.319993,0.5847749999999999,0.8333333333333334,0.375,0.1875,0.3125,0.1875,0.0,0.5,0.55,0.25,0.44
KLKPKVKQKSIRI,13,-0.9923076923076922,6.0,1331.8,156.2076923076923,2.8,0.3076923076923077,0.15384615384615385,0.46153846153846156,0.0,0.0,0.5,0.55,0.25,0.44,,54.0,literature,0.26,-0.19846153846153844,0.6,0.26636,0.6248307692307692,0.9333333333333332,0.3076923076923077,0.15384615384615385,0.46153846153846156,0.0,0.0,0.5,0.55,0.25,0.44
HTGSVRSLSN,10,-0.67,1.5,876.9849999999999,121.92999999999998,2.8,0.2,0.5,0.2,0.1,0.0,0.5,0.55,0.25,0.44,,42.0,literature,0.2,-0.134,0.15,0.17539699999999997,0.48771999999999993,0.9333333333333332,0.2,0.5,0.2,0.1,0.0,0.5,0.55,0.25,0.44
SPTDVHKQYAIVFKTPPYHS,20,-0.7050000000000001,2.0,1955.3349999999998,137.95999999999998,2.5,0.3,0.35,0.25,0.25,0.0,0.5,0.55,0.25,0.44,,32.0,literature,0.4,-0.14100000000000001,0.2,0.39106699999999994,0.5518399999999999,0.8333333333333334,0.3,0.35,0.25,0.25,0.0,0.5,0.55,0.25,0.44
QQHKVLDKLNHLSQTP,16,-1.2,2.0,1597.895,141.13125,2.5,0.25,0.375,0.3125,0.125,0.0,0.5,0.55,0.25,0.44,,76.0,literature,0.32,-0.24,0.2,0.319579,0.5645249999999999,0.8333333333333334,0.25,0.375,0.3125,0.125,0.0,0.5,0.55,0.25,0.44
TPFDLTKSQKVRDLLDP,17,-0.7823529411764705,0.0,1667.02,140.76470588235293,2.8,0.29411764705882354,0.23529411764705882,0.35294117647058826,0.058823529411764705,0.0,0.5,0.55,0.25,0.44,,39.0,literature,0.34,-0.15647058823529408,0.0,0.333404,0.5630588235294117,0.9333333333333332,0.29411764705882354,0.23529411764705882,0.35294117647058826,0.058823529411764705,0.0,0.5,0.55,0.25,0.44
RPSPPAFADDQLAASK,16,-0.71875,0.0,1382.625,122.7375,2.8,0.125,0.1875,0.25,0.0625,0.0,0.5,0.55,0.25,0.44,,57.0,literature,0.32,-0.14375,0.0,0.276525,0.49095,0.9333333333333332,0.125,0.1875,0.25,0.0625,0.0,0.5,0.55,0.25,0.44
YFKLENIYVKELSVGR,16,-0.20625000000000002,1.0,1670.0549999999998,152.28125,2.8,0.5,0.25,0.3125,0.1875,0.0,0.5,0.55,0.25,0.44,,40.0,literature,0.32,-0.04125,0.1,0.33401099999999995,0.609125,0.9333333333333332,0.5,0.25,0.3125,0.1875,0.0,0.5,0.55,0.25,0.44
GSVGLPLLKSDDIKLVNT,18,0.28333333333333327,0.0,1544.915,128.55555555555554,2.5,0.3888888888888889,0.2222222222222222,0.2222222222222222,0.0,0.0,0.5,0.55,0.25,0.44,,49.0,literature,0.36,0.05666666666666666,0.0,0.308983,0.5142222222222221,0.8333333333333334,0.3888888888888889,0.2222222222222222,0.2222222222222222,0.0,0.0,0.5,0.55,0.25,0.44
TPVKSSKLDVFSEVYS,16,-0.15,0.0,1497.7849999999999,133.85625,2.5,0.375,0.375,0.25,0.125,0.0,0.5,0.55,0.25,0.44,,38.0,literature,0.32,-0.03,0.0,0.29955699999999996,0.5354249999999999,0.8333333333333334,0.375,0.375,0.25,0.125,0.0,0.5,0.55,0.25,0.44
DPGLVSANFPVSGSVQTE,18,-0.005555555555555536,-2.0,1479.685,116.73888888888888,2.5,0.2777777777777778,0.3333333333333333,0.1111111111111111,0.05555555555555555,0.0,0.5,0.55,0.25,0.44,,64.0,literature,0.36,-0.0011111111111111072,-0.2,0.295937,0.4669555555555555,0.8333333333333334,0.2777777777777778,0.3333333333333333,0.1111111111111111,0.05555555555555555,0.0,0.5,0.55,0.25,0.44
TTAYFQSSYLKS,12,-0.44999999999999996,1.0,1179.375,136.99999999999997,2.0,0.3333333333333333,0.6666666666666666,0.08333333333333333,0.25,0.0,0.5,0.55,0.25,0.44,,46.0,literature,0.24,-0.09,0.1,0.235875,0.5479999999999999,0.6666666666666666,0.3333333333333333,0.6666666666666666,0.08333333333333333,0.25,0.0,0.5,0.55,0.25,0.44
SNQKVLRESEA,11,-1.2909090909090908,0.0,1062.2099999999998,134.42727272727274,2.8,0.18181818181818182,0.36363636363636365,0.36363636363636365,0.0,0.0,0.5,0.55,0.25,0.44,,48.0,literature,0.22,-0.2581818181818182,0.0,0.21244199999999996,0.5377090909090909,0.9333333333333332,0.18181818181818182,0.36363636363636365,0.36363636363636365,0.0,0.0,0.5,0.55,0.25,0.44
NDTVSAPSQP,10,-1.0,-1.0,834.905,111.71,2.5,0.1,0.5,0.1,0.0,0.0,0.5,0.55,0.25,0.44,,56.0,literature,0.2,-0.2,-0.1,0.166981,0.44683999999999996,0.8333333333333334,0.1,0.5,0.1,0.0,0.0,0.5,0.55,0.25,0.44
RPSRYLS,7,-1.3857142857142857,2.0,751.91,150.74285714285716,2.8,0.2857142857142857,0.42857142857142855,0.2857142857142857,0.14285714285714285,0.0,0.5,0.55,0.25,0.44,,80.0,literature,0.14,-0.27714285714285714,0.2,0.150382,0.6029714285714286,0.9333333333333332,0.2857142857142857,0.42857142857142855,0.2857142857142857,0.14285714285714285,0.0,0.5,0.55,0.25,0.44
NLIKSKRIGQVLQ,13,-0.24615384615384617,3.0,1262.61,145.9153846153846,2.8,0.38461538461538464,0.3076923076923077,0.23076923076923078,0.0,0.0,0.5,0.55,0.25,0.44,,53.0,literature,0.26,-0.04923076923076923,0.3,0.25252199999999997,0.5836615384615383,0.9333333333333332,0.38461538461538464,0.3076923076923077,0.23076923076923078,0.0,0.0,0.5,0.55,0.25,0.44
TPSSLLSPILQNQ,13,-0.0692307692307694,0.0,1163.4099999999999,128.99999999999997,2.5,0.3076923076923077,0.5384615384615384,0.0,0.0,0.0,0.5,0.55,0.25,0.44,,49.0,literature,0.26,-0.01384615384615388,0.0,0.23268199999999997,0.5159999999999999,0.8333333333333334,0.3076923076923077,0.5384615384615384,0.0,0.0,0.0,0.5,0.55,0.25,0.44
SPSESYSVSN,10,-0.97,-1.0,875.915,114.38,2.5,0.2,0.7,0.1,0.1,0.0,0.5,0.55,0.25,0.44,,64.0,literature,0.2,-0.194,-0.1,0.175183,0.45752,0.8333333333333334,0.2,0.7,0.1,0.1,0.0,0.5,0.55,0.25,0.44
AIRSLSLQKTQL,12,0.0,2.0,1141.445,142.31666666666663,2.8,0.3333333333333333,0.4166666666666667,0.16666666666666666,0.0,0.0,0.5,0.55,0.25,0.44,,29.0,literature,0.24,0.0,0.2,0.228289,0.5692666666666666,0.9333333333333332,0.3333333333333333,0.4166666666666667,0.16666666666666666,0.0,0.0,0.5,0.55,0.25,0.44
QAVAAAVASKIVG,13,1.3461538461538463,1.0,950.1999999999998,114.7076923076923,2.0,0.3076923076923077,0.15384615384615385,0.07692307692307693,0.0,0.0,0.5,0.55,0.25,0.44,,34.0,literature,0.26,0.2692307692307693,0.1,0.19003999999999996,0.4588307692307692,0.6666666666666666,0.3076923076923077,0.15384615384615385,0.07692307692307693,0.0,0.0,0.5,0.55,0.25,0.44
KSRFTVKPYIKRLQL,15,-0.6333333333333333,5.0,1607.09,159.67999999999998,2.8,0.4,0.26666666666666666,0.3333333333333333,0.13333333333333333,0.0,0.5,0.55,0.25,0.44,,62.0,literature,0.3,-0.12666666666666665,0.5,0.321418,0.63872,0.9333333333333332,0.4,0.26666666666666666,0.3333333333333333,0.13333333333333333,0.0,0.5,0.55,0.25,0.44
ARDFVEKAFRDGLIS,15,-0.19333333333333336,0.0,1453.74,140.85999999999999,2.8,0.3333333333333333,0.06666666666666667,0.4,0.13333333333333333,0.0,0.5,0.55,0.25,0.44,,45.0,literature,0.3,-0.03866666666666667,0.0,0.290748,0.5634399999999999,0.9333333333333332,0.3333333333333333,0.06666666666666667,0.4,0.13333333333333333,0.0,0.5,0.55,0.25,0.44
KGSESQKSSQTLD,13,-1.7153846153846155,0.0,1160.27,121.0153846153846,2.0,0.07692307692307693,0.5384615384615384,0.3076923076923077,0.0,0.0,0.5,0.55,0.25,0.44,,54.0,literature,0.26,-0.3430769230769231,0.0,0.23205399999999998,0.48406153846153843,0.6666666666666666,0.07692307692307693,0.5384615384615384,0.3076923076923077,0.0,0.0,0.5,0.55,0.25,0.44
