sequence,length,avg_hydrophobicity,total_charge,molecular_weight,avg_volume,max_coupling_difficulty,bulky_ratio,polar_ratio,charged_ratio,aromatic_ratio,sulfur_ratio,reagent_score,solvent_score,temperature_score,cleavage_score,purity,yield_val,data_source,annotation_quality,annotated_at,yield_stratum
VVIA,4,3.675,0.0,328.455,133.825,1.8,0.75,0.0,0.0,0.0,0.0,1.0,0.55,0.72,0.44,95.0,8.0,literature,1.0,2026-03-06T18:02:45.335980,q0
GVVIA,5,2.8600000000000003,0.0,367.4899999999999,119.08,1.8,0.6,0.0,0.0,0.0,0.0,1.0,0.55,0.72,0.44,98.0,13.0,literature,1.0,2026-03-06T18:02:45.336148,q0
GGVVIA,6,2.316666666666667,0.0,406.525,109.25,1.8,0.5,0.0,0.0,0.0,0.0,1.0,0.55,0.72,0.44,97.0,10.0,literature,1.0,2026-03-06T18:02:45.336350,q0
VGGVVIA,7,2.585714285714286,0.0,487.64,113.64285714285715,1.8,0.5714285714285714,0.0,0.0,0.0,0.0,1.0,0.55,0.72,0.44,98.0,9.0,literature,1.0,2026-03-06T18:02:45.336488,q0
MVGGVVIA,8,2.5,0.0,600.8149999999999,119.79999999999998,2.0,0.5,0.0,0.0,0.0,0.125,1.0,0.55,0.72,0.44,95.0,6.0,literature,1.0,2026-03-06T18:02:45.336599,q0
LMVGGVVIA,9,2.6444444444444444,0.0,695.9599999999999,125.0111111111111,2.0,0.5555555555555556,0.0,0.0,0.0,0.1111111111111111,1.0,0.55,0.72,0.44,97.0,4.0,literature,1.0,2026-03-06T18:02:45.336696,q0
GLMVGGVVIA,10,2.3400000000000003,0.0,734.995,118.51999999999998,2.0,0.5,0.0,0.0,0.0,0.1,1.0,0.55,0.72,0.44,98.0,9.0,literature,1.0,2026-03-06T18:02:45.336793,q0
IGLMVGGVVIA,11,2.536363636363636,0.0,830.14,122.9,2.0,0.5454545454545454,0.0,0.0,0.0,0.0909090909090909,1.0,0.55,0.72,0.44,96.0,2.0,literature,1.0,2026-03-06T18:02:45.337273,q0
IIGLMVGGVVIA,12,2.6999999999999997,0.0,925.285,126.55,2.0,0.5833333333333334,0.0,0.0,0.0,0.0833333333333333,1.0,0.55,0.72,0.44,95.0,3.0,literature,1.0,2026-03-06T18:02:45.337752,q0
AIIGLMVGGVVIA,13,2.6307692307692303,0.0,978.35,123.63076923076922,2.0,0.5384615384615384,0.0,0.0,0.0,0.0769230769230769,1.0,0.55,0.72,0.44,97.0,1.896,literature,1.0,2026-03-06T18:02:45.338150,q0
GAIIGLMVGGVVIA,14,2.414285714285714,0.0,1017.385,119.09285714285711,2.0,0.5,0.0,0.0,0.0,0.0714285714285714,1.0,0.55,0.72,0.44,95.0,1.896,literature,1.0,2026-03-06T18:02:45.338312,q0
KGAIIGLMVGGVVIA,15,1.9933333333333332,1.0,1127.54,122.39333333333332,2.0,0.4666666666666667,0.0,0.0666666666666666,0.0,0.0666666666666666,1.0,0.55,0.72,0.44,96.0,3.0,literature,1.0,2026-03-06T18:02:45.338431,q0
H-PHE-ALA-SBZL,8,0.2624999999999998,-0.5,692.8349999999999,125.4875,2.5,0.25,0.125,0.25,0.125,0.0,1.0,0.55,0.72,0.44,90.0,97.24,literature,1.0,2026-03-06T18:02:45.338713,q2
H-MET(O)-LEU-SBZL,7,0.1428571428571428,-2.0,695.85,139.7428571428571,2.0,0.2857142857142857,0.2857142857142857,0.2857142857142857,0.0,0.1428571428571428,1.0,0.55,0.72,0.44,93.0,88.0,literature,1.0,2026-03-06T18:02:45.339200,q2
H-GLY-PHE-LEU-SBZL,10,-0.29,-1.5,977.155,138.55,2.5,0.4,0.2,0.3,0.2,0.0,1.0,0.55,0.72,0.44,93.0,82.0,literature,1.0,2026-03-06T18:02:45.339397,q2
H-PHE-LEU-ALA-SBZL,10,0.2399999999999998,-1.5,899.085,130.9,2.5,0.3,0.1,0.3,0.1,0.0,1.0,0.55,0.72,0.44,85.0,91.0,literature,1.0,2026-03-06T18:02:45.339626,q2
H-PHE-LEU-LEU-SBZL,9,-0.5222222222222223,-2.5,904.06,141.13333333333333,2.5,0.3333333333333333,0.1111111111111111,0.4444444444444444,0.1111111111111111,0.0,1.0,0.55,0.72,0.44,83.0,96.0,literature,1.0,2026-03-06T18:02:45.339767,q2
H-ALA-PHE-LEU-LEU-SBZL,12,0.2249999999999999,-2.5,1105.335,134.50833333333335,2.5,0.3333333333333333,0.0833333333333333,0.3333333333333333,0.0833333333333333,0.0,1.0,0.55,0.72,0.44,84.0,95.0,literature,1.0,2026-03-06T18:02:45.339973,q2
H-ALA-PHE-LEU-ALA-SBZL,13,0.7538461538461537,-1.5,1100.36,127.14615384615384,2.5,0.3076923076923077,0.0769230769230769,0.2307692307692307,0.0769230769230769,0.0,1.0,0.55,0.72,0.44,90.0,90.0,literature,1.0,2026-03-06T18:02:45.340390,q2
H-GLY-ASN-LEU-PHE-LEU-SBZL,15,-0.3400000000000001,-2.5,1401.62,132.15333333333336,2.5,0.3333333333333333,0.2666666666666666,0.2666666666666666,0.1333333333333333,0.0,1.0,0.55,0.72,0.44,85.0,92.0,literature,1.0,2026-03-06T18:02:45.340562,q2
H-VAL-VAL-LEU-ASN-LEU-ASN-PHE-SBZL,21,0.4714285714285713,-2.5,1799.14,125.91428571428573,2.5,0.3333333333333333,0.238095238095238,0.1904761904761904,0.0476190476190476,0.0,1.0,0.55,0.72,0.44,80.0,82.0,literature,1.0,2026-03-06T18:02:45.340821,q2
H-ALA-PRO-ILE-ALA-PHE-PHE-GLY-SBZL,22,0.0909090909090909,-1.0,2001.4649999999997,134.50454545454545,2.8,0.3181818181818182,0.0909090909090909,0.2727272727272727,0.1363636363636363,0.0,1.0,0.55,0.72,0.44,81.0,83.0,literature,1.0,2026-03-06T18:02:45.341113,q2
H-ALA-LYS-PHE-ALA-SBZL,14,0.7999999999999999,-0.5,1203.485,128.3642857142857,2.5,0.3571428571428571,0.2142857142857142,0.1428571428571428,0.1428571428571428,0.0,1.0,0.55,0.72,0.44,91.0,87.0,literature,1.0,2026-03-06T18:02:45.341248,q2
H-THR-GLY-VAL-PHE-ALA-SBZL,17,0.3294117647058823,1.0,1541.9,134.76470588235293,2.8,0.3529411764705882,0.1764705882352941,0.2352941176470588,0.1764705882352941,0.0,1.0,0.55,0.72,0.44,80.0,86.0,literature,1.0,2026-03-06T18:02:45.341362,q2
H-ALA-ARG-GLY-LEU-PHE-SBZL,16,0.0874999999999999,-0.5,1408.705,130.0125,2.8,0.3125,0.125,0.25,0.125,0.0,1.0,0.55,0.72,0.44,78.0,97.0,literature,1.0,2026-03-06T18:02:45.341467,q2
H-ALA-TRP-PHE-ALA-SBZL,14,0.1928571428571427,0.5,1194.485,127.05,2.8,0.2142857142857142,0.1428571428571428,0.2142857142857142,0.0714285714285714,0.0,1.0,0.55,0.72,0.44,70.0,92.0,literature,1.0,2026-03-06T18:02:45.341560,q2
H-GLY-ASP-TYR-GLY-GLY-PHE-SER-LEU-TYR-LYS-ALA-SBZL,34,-0.3529411764705883,0.5,3298.945,140.08529411764704,2.8,0.3823529411764705,0.3529411764705882,0.2058823529411764,0.2058823529411764,0.0,1.0,0.55,0.72,0.44,65.0,60.0,literature,1.0,2026-03-06T18:02:45.341770,q1
H-CYS-GLY-GLY-PHE-LEU-SBZL,16,-0.0250000000000001,-1.5,1555.855,137.3125,2.5,0.4375,0.375,0.1875,0.25,0.0625,1.0,0.55,0.72,0.44,84.0,90.0,literature,1.0,2026-03-06T18:02:45.341870,q2
H-CYS-TYR-GLY-GLY-PHE-LEU-SBZL,19,-0.3631578947368423,-0.5,1922.29,142.56842105263158,2.8,0.4210526315789473,0.4210526315789473,0.2105263157894736,0.2631578947368421,0.0526315789473684,1.0,0.55,0.72,0.44,80.0,85.0,literature,1.0,2026-03-06T18:02:45.341977,q2
IKVAV,5,2.16,1.0,438.61,140.78,1.8,0.6,0.0,0.2,0.0,0.0,1.0,0.55,0.72,0.44,95.0,81.0,literature,1.0,2026-03-06T18:02:45.342234,q2
DRVYIHP,7,-0.7714285714285715,0.5,772.92,154.20000000000002,2.8,0.4285714285714285,0.1428571428571428,0.4285714285714285,0.2857142857142857,0.0,1.0,0.55,0.72,0.44,94.0,70.0,literature,1.0,2026-03-06T18:02:45.342327,q2
H-TYR-ILE-HIS-PRO-PHE-OME,16,-1.0750000000000002,0.0,1720.0749999999998,150.80625,2.8,0.25,0.1875,0.4375,0.1875,0.0625,1.0,0.55,0.72,0.44,68.0,52.0,literature,1.0,2026-03-06T18:02:45.342427,q1
PLTVAEVQKLLGPHV,15,0.4933333333333332,0.5,1330.6999999999998,134.28666666666666,2.5,0.4,0.1333333333333333,0.2,0.0666666666666666,0.0,1.0,0.55,0.72,0.44,84.0,67.0,literature,1.0,2026-03-06T18:02:45.342522,q2
ALPLDLLLFL,10,2.23,-1.0,947.295,150.25,2.5,0.7,0.0,0.1,0.1,0.0,1.0,0.55,0.72,0.44,82.0,78.0,literature,1.0,2026-03-06T18:02:45.342626,q2
SLLFLLFSL,9,2.5555555555555554,0.0,890.1999999999999,154.58888888888887,2.0,0.7777777777777778,0.2222222222222222,0.0,0.2222222222222222,0.0,1.0,0.55,0.72,0.44,56.0,33.0,literature,1.0,2026-03-06T18:02:45.342750,q0
PLTVAEVQKLLGPHVKKALPLDLLLFLKKSLLFLLFSL,38,0.9763157894736842,3.5,3572.785,146.90789473684208,2.5,0.5263157894736842,0.1052631578947368,0.2105263157894736,0.1052631578947368,0.0,1.0,0.55,0.72,0.44,71.0,41.0,literature,1.0,2026-03-06T18:02:45.342959,q1
DLKTQVKVFA,10,0.13,1.0,968.215,143.34,2.0,0.4,0.2,0.3,0.1,0.0,1.0,0.55,0.72,0.44,77.4,56.0,literature,1.0,2026-03-06T18:02:45.343136,q1
VWRSTSPAKESPDELSRY,18,-1.2722222222222224,0.0,1784.0549999999998,137.49444444444444,2.8,0.2222222222222222,0.3333333333333333,0.3333333333333333,0.1111111111111111,0.0,1.0,0.55,0.72,0.44,56.4,47.0,literature,1.0,2026-03-06T18:02:45.343315,q1
ITNYLHKTLAHVPEI,15,0.0666666666666666,1.0,1478.83,144.09333333333333,2.5,0.4,0.2666666666666666,0.2666666666666666,0.2,0.0,1.0,0.55,0.72,0.44,96.6,93.0,literature,1.0,2026-03-06T18:02:45.343574,q2
TFSSKVQYQLVVTTLHKLQE,20,-0.16,1.5,1989.425,144.505,2.5,0.4,0.45,0.2,0.15,0.0,1.0,0.55,0.72,0.44,67.4,69.0,literature,1.0,2026-03-06T18:02:45.343785,q2
RDQLPHPLKEFLQE,14,-1.292857142857143,-0.5,1497.795,151.05714285714288,2.8,0.2857142857142857,0.1428571428571428,0.4285714285714285,0.1428571428571428,0.0,1.0,0.55,0.72,0.44,95.2,50.5,literature,1.0,2026-03-06T18:02:45.343948,q1
SMHKPLPKTLSSV,13,-0.2769230769230769,2.5,1190.53,133.47692307692307,2.5,0.2307692307692307,0.3076923076923077,0.2307692307692307,0.0769230769230769,0.0769230769230769,1.0,0.55,0.72,0.44,94.9,90.0,literature,1.0,2026-03-06T18:02:45.344048,q2
EKTVIGYLEPGAE,13,-0.3461538461538462,-2.0,1171.39,129.87692307692308,2.5,0.3076923076923077,0.1538461538461538,0.3076923076923077,0.0769230769230769,0.0,1.0,0.55,0.72,0.44,83.4,50.5,literature,1.0,2026-03-06T18:02:45.344140,q1
LQRSLSPTQLYYRQFTSKV,19,-0.6842105263157895,3.0,1973.4,149.12105263157892,2.8,0.3684210526315789,0.5263157894736842,0.1578947368421052,0.1578947368421052,0.0,1.0,0.55,0.72,0.44,73.8,65.0,literature,1.0,2026-03-06T18:02:45.344245,q1
ELDSIPEKLLD,11,-0.4,-3.0,1073.28,139.64545454545453,2.5,0.3636363636363636,0.0909090909090909,0.4545454545454545,0.0,0.0,1.0,0.55,0.72,0.44,48.1,53.0,literature,1.0,2026-03-06T18:02:45.344334,q1
SLIRLGAFFYKRVKE,15,0.06,3.0,1556.99,155.4,2.8,0.4666666666666667,0.1333333333333333,0.3333333333333333,0.2,0.0,1.0,0.55,0.72,0.44,62.2,68.0,literature,1.0,2026-03-06T18:02:45.344429,q2
QLRKVLSL,8,0.3624999999999998,2.0,812.0749999999999,155.45,2.8,0.5,0.25,0.25,0.0,0.0,1.0,0.55,0.72,0.44,58.8,47.0,literature,1.0,2026-03-06T18:02:45.344596,q1
FYPSIQLPAHIQEYLSDS,18,-0.2333333333333334,-1.5,1784.0949999999998,139.73333333333332,2.5,0.3888888888888889,0.3888888888888889,0.1666666666666666,0.2222222222222222,0.0,1.0,0.55,0.72,0.44,77.2,69.0,literature,1.0,2026-03-06T18:02:45.344705,q2
EAELSSDKLTISPE,14,-0.6214285714285716,-3.0,1266.4550000000002,127.1,2.5,0.2142857142857142,0.2857142857142857,0.3571428571428571,0.0,0.0,1.0,0.55,0.72,0.44,85.3,74.0,literature,1.0,2026-03-06T18:02:45.344803,q2
DLASKRAVDF,10,-0.18,0.0,941.115,135.57,2.8,0.3,0.1,0.4,0.1,0.0,1.0,0.55,0.72,0.44,49.9,60.0,literature,1.0,2026-03-06T18:02:45.344900,q1
AVGKSSLVLRFVKG,14,0.7214285714285715,3.0,1208.565,133.5285714285714,2.8,0.4285714285714285,0.1428571428571428,0.2142857142857142,0.0714285714285714,0.0,1.0,0.55,0.72,0.44,97.4,50.5,literature,1.0,2026-03-06T18:02:45.344992,q1
RGAQAAIVVYD,11,0.4636363636363634,0.0,964.15,129.38181818181818,2.8,0.3636363636363636,0.1818181818181818,0.1818181818181818,0.0909090909090909,0.0,1.0,0.55,0.72,0.44,19.1,16.0,literature,1.0,2026-03-06T18:02:45.345082,q0
NNRLPLLGKYIQK,13,-0.7846153846153846,3.0,1322.6699999999998,149.57692307692304,2.8,0.3846153846153846,0.3076923076923077,0.2307692307692307,0.0769230769230769,0.0,1.0,0.55,0.72,0.44,78.8,97.24,literature,1.0,2026-03-06T18:02:45.345175,q2
LNEKVSNLQRRVDA,14,-0.9571428571428572,1.0,1389.635,141.80714285714282,2.8,0.2857142857142857,0.2857142857142857,0.3571428571428571,0.0,0.0,1.0,0.55,0.72,0.44,69.7,69.0,literature,1.0,2026-03-06T18:02:45.345265,q2
SLRDLVSRKYLHLKNIP,17,-0.4470588235294118,3.5,1746.2,151.6235294117647,2.8,0.4117647058823529,0.2352941176470588,0.3529411764705882,0.1176470588235294,0.0,1.0,0.55,0.72,0.44,52.5,30.0,literature,1.0,2026-03-06T18:02:45.345375,q0
NEDVLDQVEQSLLGVHG,17,-0.311764705882353,-3.5,1545.73,128.4235294117647,2.5,0.3529411764705882,0.2352941176470588,0.2941176470588235,0.0588235294117647,0.0,1.0,0.55,0.72,0.44,64.0,21.0,literature,1.0,2026-03-06T18:02:45.345480,q0
VREQLQIFLR,10,-0.04,1.0,1121.415,166.02,2.8,0.5,0.2,0.3,0.1,0.0,1.0,0.55,0.72,0.44,50.1,24.0,literature,1.0,2026-03-06T18:02:45.345569,q0
LKRKRAVLKSYLSTSVR,17,-0.4705882352941176,6.0,1699.1899999999998,150.44117647058823,2.8,0.3529411764705882,0.2941176470588235,0.3529411764705882,0.0588235294117647,0.0,1.0,0.55,0.72,0.44,38.5,13.0,literature,1.0,2026-03-06T18:02:45.345691,q0
SDSSVEVLAEELIKHRV,17,-0.0882352941176471,-1.5,1604.9,136.81764705882352,2.8,0.3529411764705882,0.1764705882352941,0.4117647058823529,0.0588235294117647,0.0,1.0,0.55,0.72,0.44,72.5,20.0,literature,1.0,2026-03-06T18:02:45.345858,q0
LKEISLKGNSLS,12,-0.1416666666666667,1.0,1072.325,131.96666666666667,2.0,0.3333333333333333,0.3333333333333333,0.25,0.0,0.0,1.0,0.55,0.72,0.44,81.9,57.0,literature,1.0,2026-03-06T18:02:45.345949,q1
TIPKLFQLQD,10,-0.18,0.0,1022.275,148.60999999999996,2.5,0.4,0.3,0.2,0.1,0.0,1.0,0.55,0.72,0.44,57.3,29.0,literature,1.0,2026-03-06T18:02:45.346171,q0
QLDYNYVGDVGVEQ,14,-0.5714285714285714,-3.0,1346.475,132.6,2.0,0.4285714285714285,0.3571428571428571,0.2142857142857142,0.1428571428571428,0.0,1.0,0.55,0.72,0.44,30.9,14.0,literature,1.0,2026-03-06T18:02:45.346501,q0
AKLEVEHLKLTYSNI,15,-0.16,0.5,1487.83,145.02666666666664,2.5,0.4,0.2666666666666666,0.3333333333333333,0.1333333333333333,0.0,1.0,0.55,0.72,0.44,46.1,25.0,literature,1.0,2026-03-06T18:02:45.346733,q0
IEKGIQSEHFQKIALF,16,-0.09375,0.5,1599.965,146.19375,2.5,0.375,0.1875,0.3125,0.1875,0.0,1.0,0.55,0.72,0.44,83.4,39.0,literature,1.0,2026-03-06T18:02:45.346859,q1
KLKPKVKQKSIRI,13,-0.9923076923076922,6.0,1331.8,156.2076923076923,2.8,0.3076923076923077,0.1538461538461538,0.4615384615384615,0.0,0.0,1.0,0.55,0.72,0.44,95.0,54.0,literature,1.0,2026-03-06T18:02:45.346978,q1
HTGSVRSLSN,10,-0.67,1.5,876.9849999999999,121.92999999999998,2.8,0.2,0.5,0.2,0.1,0.0,1.0,0.55,0.72,0.44,48.3,42.0,literature,1.0,2026-03-06T18:02:45.347079,q1
SPTDVHKQYAIVFKTPPYHS,20,-0.7050000000000001,2.0,1955.335,137.95999999999998,2.5,0.3,0.35,0.25,0.25,0.0,1.0,0.55,0.72,0.44,78.7,32.0,literature,1.0,2026-03-06T18:02:45.347210,q0
QQHKVLDKLNHLSQTP,16,-1.2,2.0,1597.895,141.13125,2.5,0.25,0.375,0.3125,0.125,0.0,1.0,0.55,0.72,0.44,97.5,76.0,literature,1.0,2026-03-06T18:02:45.347328,q2
TPFDLTKSQKVRDLLDP,17,-0.7823529411764705,0.0,1667.02,140.76470588235293,2.8,0.2941176470588235,0.2352941176470588,0.3529411764705882,0.0588235294117647,0.0,1.0,0.55,0.72,0.44,75.5,39.0,literature,1.0,2026-03-06T18:02:45.347422,q1
RPSPPAFADDQLAASK,16,-0.71875,0.0,1382.625,122.7375,2.8,0.125,0.1875,0.25,0.0625,0.0,1.0,0.55,0.72,0.44,72.8,57.0,literature,1.0,2026-03-06T18:02:45.347545,q1
YFKLENIYVKELSVGR,16,-0.20625,1.0,1670.0549999999998,152.28125,2.8,0.5,0.25,0.3125,0.1875,0.0,1.0,0.55,0.72,0.44,40.4,40.0,literature,1.0,2026-03-06T18:02:45.347666,q1
GSVGLPLLKSDDIKLVNT,18,0.2833333333333332,0.0,1544.915,128.55555555555554,2.5,0.3888888888888889,0.2222222222222222,0.2222222222222222,0.0,0.0,1.0,0.55,0.72,0.44,46.8,49.0,literature,1.0,2026-03-06T18:02:45.347769,q1
TPVKSSKLDVFSEVYS,16,-0.15,0.0,1497.785,133.85625,2.5,0.375,0.375,0.25,0.125,0.0,1.0,0.55,0.72,0.44,55.1,38.0,literature,1.0,2026-03-06T18:02:45.347862,q1
DPGLVSANFPVSGSVQTE,18,-0.0055555555555555,-2.0,1479.685,116.73888888888888,2.5,0.2777777777777778,0.3333333333333333,0.1111111111111111,0.0555555555555555,0.0,1.0,0.55,0.72,0.44,98.8,64.0,literature,1.0,2026-03-06T18:02:45.347984,q1
TTAYFQSSYLKS,12,-0.4499999999999999,1.0,1179.375,136.99999999999997,2.0,0.3333333333333333,0.6666666666666666,0.0833333333333333,0.25,0.0,1.0,0.55,0.72,0.44,68.2,46.0,literature,1.0,2026-03-06T18:02:45.348071,q1
SNQKVLRESEA,11,-1.2909090909090908,0.0,1062.2099999999998,134.42727272727274,2.8,0.1818181818181818,0.3636363636363636,0.3636363636363636,0.0,0.0,1.0,0.55,0.72,0.44,56.4,48.0,literature,1.0,2026-03-06T18:02:45.348178,q1
NDTVSAPSQP,10,-1.0,-1.0,834.905,111.71,2.5,0.1,0.5,0.1,0.0,0.0,1.0,0.55,0.72,0.44,68.7,56.0,literature,1.0,2026-03-06T18:02:45.348259,q1
RPSRYLS,7,-1.3857142857142857,2.0,751.91,150.74285714285716,2.8,0.2857142857142857,0.4285714285714285,0.2857142857142857,0.1428571428571428,0.0,1.0,0.55,0.72,0.44,90.2,80.0,literature,1.0,2026-03-06T18:02:45.348390,q2
NLIKSKRIGQVLQ,13,-0.2461538461538461,3.0,1262.61,145.9153846153846,2.8,0.3846153846153846,0.3076923076923077,0.2307692307692307,0.0,0.0,1.0,0.55,0.72,0.44,92.4,53.0,literature,1.0,2026-03-06T18:02:45.348498,q1
TPSSLLSPILQNQ,13,-0.0692307692307694,0.0,1163.41,128.99999999999997,2.5,0.3076923076923077,0.5384615384615384,0.0,0.0,0.0,1.0,0.55,0.72,0.44,71.3,49.0,literature,1.0,2026-03-06T18:02:45.348608,q1
SPSESYSVSN,10,-0.97,-1.0,875.915,114.38,2.5,0.2,0.7,0.1,0.1,0.0,1.0,0.55,0.72,0.44,81.0,64.0,literature,1.0,2026-03-06T18:02:45.348713,q1
AIRSLSLQKTQL,12,0.0,2.0,1141.445,142.31666666666663,2.8,0.3333333333333333,0.4166666666666667,0.1666666666666666,0.0,0.0,1.0,0.55,0.72,0.44,33.4,29.0,literature,1.0,2026-03-06T18:02:45.348818,q0
QAVAAAVASKIVG,13,1.3461538461538465,1.0,950.1999999999998,114.7076923076923,2.0,0.3076923076923077,0.1538461538461538,0.0769230769230769,0.0,0.0,1.0,0.55,0.72,0.44,45.2,34.0,literature,1.0,2026-03-06T18:02:45.348933,q1
KSRFTVKPYIKRLQL,15,-0.6333333333333333,5.0,1607.09,159.67999999999998,2.8,0.4,0.2666666666666666,0.3333333333333333,0.1333333333333333,0.0,1.0,0.55,0.72,0.44,53.1,62.0,literature,1.0,2026-03-06T18:02:45.349130,q1
ARDFVEKAFRDGLIS,15,-0.1933333333333333,0.0,1453.74,140.86,2.8,0.3333333333333333,0.0666666666666666,0.4,0.1333333333333333,0.0,1.0,0.55,0.72,0.44,63.3,45.0,literature,1.0,2026-03-06T18:02:45.349265,q1
KGSESQKSSQTLD,13,-1.7153846153846155,0.0,1160.27,121.0153846153846,2.0,0.0769230769230769,0.5384615384615384,0.3076923076923077,0.0,0.0,1.0,0.55,0.72,0.44,54.4,54.0,literature,1.0,2026-03-06T18:02:45.349361,q1
YIYTQ,5,-0.4599999999999999,0.0,596.7,162.76,2.0,0.6,0.8,0.0,0.4,0.0,1.0,0.55,0.72,0.44,98.3,29.1,literature,1.0,2026-03-06T18:02:45.349572,q0
DAYL,4,0.1999999999999999,-1.0,408.465,140.0,2.0,0.5,0.25,0.25,0.25,0.0,1.0,0.55,0.72,0.44,99.5,24.4,literature,1.0,2026-03-06T18:02:45.349651,q0
DYMGWMDF,8,-0.375,-2.0,920.075,152.425,2.5,0.375,0.125,0.25,0.375,0.25,1.0,0.55,0.72,0.44,99.0,17.0,literature,1.0,2026-03-06T18:02:45.349738,q0
LDYDF,5,-0.34,-2.0,581.6400000000001,154.48,2.0,0.6,0.2,0.4,0.4,0.0,1.0,0.55,0.72,0.44,98.8,27.0,literature,1.0,2026-03-06T18:02:45.349812,q0
DYMGMDF,7,-0.3000000000000001,-2.0,751.88,141.65714285714287,2.0,0.2857142857142857,0.1428571428571428,0.2857142857142857,0.2857142857142857,0.2857142857142857,1.0,0.55,0.72,0.44,97.7,16.7,literature,1.0,2026-03-06T18:02:45.349918,q0
RMQLLSQTVM-A-SN-KKDSY-L-LDNE-L,24,-0.5166666666666667,0.0,2365.865,140.84583333333333,2.8,0.2916666666666667,0.375,0.25,0.0416666666666666,0.0833333333333333,1.0,0.55,0.72,0.44,96.1,9.2,literature,1.0,2026-03-06T18:02:45.350082,q0
RMQLLSQTVM-A-SN-THA-L-LDNE-L,22,-0.05,-0.5,2089.535,136.6954545454545,2.8,0.2727272727272727,0.3636363636363636,0.1818181818181818,0.0454545454545454,0.0909090909090909,1.0,0.55,0.72,0.44,96.7,12.0,literature,1.0,2026-03-06T18:02:45.350196,q0
RMQLLSQTVM-SN-KKDSY-A-LDNE-L,23,-0.7043478260869565,0.0,2270.72,139.72173913043477,2.8,0.2608695652173913,0.391304347826087,0.2608695652173913,0.0434782608695652,0.0869565217391304,1.0,0.55,0.72,0.44,98.3,8.7,literature,1.0,2026-03-06T18:02:45.350370,q0
RMQLLSQTVM-THA-KKDSY-A-LDNE-L,24,-0.5833333333333334,0.5,2360.8549999999996,140.35,2.8,0.25,0.3333333333333333,0.2916666666666667,0.0833333333333333,0.0833333333333333,1.0,0.55,0.72,0.44,96.3,4.3,literature,1.0,2026-03-06T18:02:45.350501,q0
GVPVWA,6,1.2166666666666666,0.0,519.645,128.20000000000002,2.5,0.5,0.0,0.0,0.1666666666666666,0.0,1.0,0.55,0.72,0.44,81.95,89.0,literature,1.0,2026-03-06T18:02:45.350582,q2
RKDVY,5,-1.8,1.0,589.7,163.07999999999998,2.8,0.4,0.2,0.6,0.2,0.0,1.0,0.55,0.72,0.44,95.9,77.4,literature,1.0,2026-03-06T18:02:45.350783,q2
